1kM4pEa31JyRruAnRX1joMLlsvlJLYr7k	AIDA行銷模型資訊圖表_AIDA Model Infographics.pptx
1laSVlE2UB7AL3LikUi0_z08s5b50vfsP	議程簡報_Agenda Slides.pptx
1ydwty4KzHz5dtFNtPVvH-6Bqt236VVHz	敏捷開發方法資訊圖表_Agile Methodology.pptx
1XuQ8wJnxUpKSqCEnRAxzW8ISe31tN814	敏捷開發簡報_Agile Slides PowerPoint Template.pptx
165q21-txRHb09imsaIeXMZTHVPPfQLwZ	農業簡報_Agriculture Slides.pptx
1fLSLd12XHhGtkKc5AhXNxEgds87bEaoI	英文字母資訊圖表_Alphabet Infographics.pptx
1FZTflijLTbwC_TZTkyWThQv0xR6TbQGI	年度報告簡報_Annual Report Slides.pptx
1HPEdMjd03lWAIIyKhJROuiFmlsazopMr	箭頭資訊圖表_Arrow Infographics.pptx
1Zkn3gEaokfZG8emA3rs47X_DWtV9mFwf	箭頭簡報_Arrow Powerpoint Template.pptx
1ArYMSdgZTcwWAlHdCvksrW97aVJhLctt	航空資訊圖表-1_Aviation Infographics.pptx
1_xrY1biYlsdbmpXzeRZlE1yPJ2zYs4CH	航空資訊圖表-2_Aviation Infographics.pptx
1GSYPDOb0jSCcIoqxK8cuIKZijDT8dMaK	信用卡簡報-2_Credit Card Slides.pptx
1gp6VIGsgF5y739G90TsoR--FNVeCuuRI	加密貨幣簡報-1_Cryptocurrency Slides.pptx
1N3TGqkDcoOnERk5JJIKXwF56uVzcSUpw	字型說明_Read Me - Fonts Links.pdf
1oVuKRjC1ZoJbyoRpwm9J4602rlniXz1z	加密貨幣簡報-2_Cryptocurrency Slides.pptx
1kyXdQgU1O3IZ4yEbZdBToXPbecmiVmZq	字型說明_Read Me - Font Link.pdf
1T0fcM4089JT0Io19zHx_cS9sydwWsgoH	字型說明_Read me - Fonts links.rtf
1AVuITwNdEgiOr6DrmDs8Wzm9UV0Ls7pu	顧客旅程地圖簡報_Customer Journey Map PowerPoint Template.pptx
1PoVZDOGSTdKzweM3G-TiXcH3O1HnLyhm	顧客旅程資訊圖表_Customer Journey Infographics.pptx
1JjAUhkTSSxIPWnUnx6r4SMQhOK3K8pOF	字型說明_Read Me - Fonts Links.pdf
109PvGwcS6CQeB9q0aFSwVf0s1DYRMsRe	顧客輪廓簡報_Customer Profile Slides.pptx
13uma8X2HicJjHf6irGQieS50fZQfNcOJ	字型說明_Read Me - Fonts Links.pdf
1-B3jFDc9_5yUyCSEPi-xmDsw05zlVDLY	資訊安全簡報-1_Cyber Security Slides.pptx
1kfGR-id1HHe81OeBzF9g3Ru4Zc5yXHS8	字型說明_Read Me - Fonts Links.pdf
1YYWzIhuaxAMfRPyXcmB2OnXLa9Pb6N4b	資訊安全簡報-2_Cyber Security Slides.pptx
1w333dOViwIpfVCEg2L0G1mwhGCklbzu1	字型說明_Read Me - Font Link.pdf
1bGWBz2L-dr67FR-7teUArT82V7vT8_w1	循環資訊圖表_Cycle Infographics.pptx
1zh_I4CLrMaJbWlc0uLVUx2JOKBTQx077	字型說明_Read Me - Fonts Links.pdf
1Ikvttk10wHWL9I3q2XHYTK3CQjXc6dDU	字型說明_Read me - Fonts links.rtf
1cXxFZMC-jOtv8IK2peIEicnhIZW1bAWe	循環簡報_Cycle Powerpoint Template.pptx
10-oQ3HFFg-ONO5LHe_tp-V7IVn9nZlzZ	回饋簡報_Feedback Slides.pptx
1oqc9U9R9YO3MFcfIB1puDI3SRUYSr6nl	字型說明_Read Me - Fonts Links.pdf
1CDbSiqREXeLY-2v717qRuNWWzlzyRbnN	財務資訊圖表_Finance Infographics.pptx
1YqnH0yTcuZzTPg6mNbkqzfywZrFMqjci	字型說明_Read Me - Fonts Links.pdf
1c2FDTzbTKWt1Ax3AxssQxoiUM6zeOsg1	財務簡報_Finance Slide Powerpoint Template.pptx
1MWRW3eokxFLen-SlQHDLzbxPVvq_AzSb	字型說明_Read me - Fonts links.rtf
19cUNxgDHRysd3gVXqJGwUx4pZ-2QOuJZ	魚骨圖資訊圖表_Fishbone Infographics.pptx
1_IyIP81uBphr4N-HdukQiukEgUh8BWEe	字型說明_Read Me - Fonts Links.pdf
1zeh8lvtN9Cg018mB7vM30GMZV2Zjy-Jk	魚骨圖簡報_Fishbone Powerpoint Template.pptx
15mSlBJ0CmkdS8KSGwRWQB7_VgrLe5Hb2	字型說明_Read me - Fonts links.rtf
19SBfvgYElczJIOVclfASyoNSzdLDGlaG	字型說明_Read me - Fonts links.rtf
1BH7qNXVVHxAHHnKh8KvTFjvVhlnaau01	健身簡報_Fitness Powerpoint Slides.pptx
1cJHBXDmMg_Kb9zqpvolm1IqshhZQQAXX	字型說明_Read me - Fonts links.rtf
18L3BUraRplRJL6cKNp-iCISn83eppD4R	醫療照護簡報V4_Healthcare Slides V4 Powerpoint Template.pptx
12_HQCq9PT2ZSDwYE-l91ud2edw7Hzgkj	階層資訊圖表-1_Hierarchy Infographics.pptx
1oTgRvvLPfwB59CIEnDrGDk-FZu_-pr7X	字型說明_Read Me - Fonts Links.pdf
1irAA2SA6FLuX-Hnhq7G_iHU-1lP9Cw7a	階層資訊圖表-2_Hierarchy Infographics.pptx
1t-b_eRuQpho1eEYBpXFYEffxoTGYQSxz	字型說明_Read Me - Fonts Links.pdf
1gUqbaJtgV7dfpNcL0ooCtuW9MJ_MsPh_	人力資源簡報_Human Resources Slides.pptx
1T3YePN0hF9UW2CQmNqm7mIGnLI7NS04F	字型說明_Read Me - Font Link.pdf
1uXrtydzRDVug3nRpg-vsDE-s_ljOkqw8	人力資源簡報_Human Resources Powerpoint Slides.pptx
1T3llasK5iXSDdjGKLdfSBV5zPWCMbTDo	字型說明_Read me - Fonts links.rtf
10Luatk9QV2e6pqUEhqnPLgnie4ypUpxw	IT架構簡報_IT Architecture Slides.pptx
1mQOQl2eNsseafaoYSsVC_ErQl35tCl9t	字型說明_Read Me - Fonts Links.pdf
11reEv4MAxKS-sHRVwfLU5Y2Okwp_WD_1	冰山資訊圖表_Iceberg Infographics.pptx
1mK79Oec1PM7tvThBZkuJHDlqGgqLeNYQ	字型說明_Read Me - Font Links.pdf
1aX-1vRe5yzCIV0iIK482RdNUSYCCxSGL	字型說明_Read me - Fonts links.rtf
1rutLQI2B-mXaakkne7F6cMz6jRH5twPm	冰山圖簡報_Iceberg Diagram Slides Powerpoint Template.pptx
1U82cj8-ognkQBcuLwPcQD02ipiwTkjx3	創新簡報_Innovation Slides.pptx
1Hs2DvZxK3SzamYkQ0K29zmLEcXLf_185	字型說明_Read Me - Fonts Links.pdf
1rRQtH74lYTxHDr2PFj3BJBq9lr9jpgpG	保險簡報_Insurance Slides.pptx
1SP0OgJa_xiEn2FaxWtc7ncgbV2q0Sg8w	字型說明_Read Me - Fonts Links.pdf
1xYVN1oa9uBwAFYGxHsdZS5j9mkFlEKUc	介紹簡報-1_Introduction Slides.pptx
1Ies34rw8lr8bT8kuOUhQibsY-PsyMzEy	字型說明_Read Me - Fonts Links.pdf
17-LtiCr6g4CMQ9biFOxZYQvsvdw7li6C	介紹簡報-2_Introduction Slides.pptx
1gNUGeGxx15x8GkcmmJQFleepLvT4JYPc	字型說明_Read Me - Fonts Links.pdf
1bN_w57t4GkSmwOagkin7FjD1_3HmZcF8	投資資訊圖表_Investment Infographics.pptx
1ehFIR3pzQ_Ru8Ln_ajZU2le-z6BKyiBl	字型說明_Read Me - Fonts Links.pdf
1ou77TNOESbtpUAMQ3Zf2QcD6abipTnqw	投資簡報_Investment Slides.pptx
1PZWITwWmKG6Uv-w8-Pq6NdGVk3k5pewQ	字型說明_Read Me - Fonts Links.pdf
1IHL7t0unCO08UWQDLzRTzmH2J03uIfmn	KPI儀表板資訊圖表_KPI Dashboards.pptx
1fF49nhYhRGtpl3JBfpYq--RNIlACGIOo	字型說明_Read Me - Fonts Links.pdf
1aFDQ-jwnrUpJl0NPtfXMoW6T3zOfe4O6	KPI績效指標簡報_KPI Powerpoint Slides.pptx
1cnnXBNe0zVd7tI8Pm9JJYRBdeZzIYB4-	北美地圖資訊圖表-2_North America Map Infographics.pptx
1v1G5bmuyaNSqhmUkdzbCicXVQlchQwRl	數字資訊圖表-2_Numbers Infographics.pptx
1Y95vanFNJNa0oUg2_c9m9lrIcZjnC_KU	字型說明_Read Me - Fonts Links.pdf
1TJTSbWj6ZwjUxn0i1Mr-2EOejW___roO	數字簡報-2_Numbers Slides.pptx
16vvZKqHip8yTWZVY4ABfdK8ugtg-lqC9	字型說明_Read Me - Fonts Links.pdf
1q-URvaekQ09MJCHfS3_gAnCWlB2htVDJ	目標簡報-1_Objective Slides.pptx
1H0-G45yfjiH_-69lIF0O-DyGrTGr2vi2	字型說明_Read Me - Font Link.pdf
1-kFJK0R403kjL0RUX538Nl3uYr8qq4yq	目標簡報-2_Objective Slides.pptx
1cKumVjIxfscRYtVX5ox_xbFYW3mbgK7n	字型說明_Read Me - Font Link.pdf
1L-hVG6k0pFrykUIEwYaiEcsc8TywSsxd	大洋洲地圖資訊圖表_Oceania Map Infographics.pptx
14ePiS8cxk3qe74CeXuxxq4__dnjGO36m	字型說明_Read Me - Fonts Links.pdf
1uj9XSQ12xTlOjUTYQYsKDn43i7MtFbQy	辦公室場景簡報-1_Office Scenes Slides.pptx
1avPW5mWKT0NAha3NA1BAMFcDQSEmX9SO	字型說明_Read Me - Fonts Links.pdf
1u6_glU5yLKD-cNJhCOc9xVu3zLJz2b3_	辦公室場景簡報-2_Office Scenes Slides.pptx
1nwfsYn3MRk28AQFgIbHzvkKj6i2221Q7	字型說明_Read Me - Font Link.pdf
1QqGIy4sOC18Eh_nEZPY-e7dVQhHJwkf3	字型說明_Read me - Fonts links.rtf
1QJNAWrCdDCchn7t631NPvo68BmLduuPl	PESTEL總體環境分析簡報-1_PESTEL Analysis Slides.pptx
1OEp_nxx-jPh5ZZwMlyQpjOj1n96FRRqK	PESTEL總體環境分析簡報-2_PESTEL Analysis Slides.pptx
1pUmP9Z1KgWMwH_LEbGj6Ov1woV7966Dc	績效資訊圖表_Performance Infographics.pptx
1J3jn0pBO-K-znctDCj8P1oy_8rOE-tTn	支柱資訊圖表_Pillar Infographics.pptx
1w6ouZWPvBXhVBB7F1qIhdZTbRgMi6AUn	波特五力簡報_Porter's Five Forces.pptx
1_HdkZonVpXrQffHLPUO85oNi4RufB1Ir	波特五力資訊圖表_Porter's Five Forces.pptx
1Zym05KWvFzoKmhxUUQh19VAb7yx18KjH	價目表簡報_Pricing Tables Slides.pptx
1wIoTm3BEkXs6vCD60FsdO-qRYEaXH-th	價目表簡報_Pricing Table Powerpoint Slides .pptx
1s4DlFedSWNjG4oYp8nnIolAx6jSFHWG6	問題簡報-1_Problem Slides.pptx
1Bpa8-cV7vPVHo2jwc5OI0xyBlxQDh_lK	問題簡報-2_Problem Slides.pptx
1WHME-a7Spfdov4ePOg8fa97kWVjDBUyu	流程步驟資訊圖表-1_Process Infographics.pptx
186_ReI0zhxZVyNvokO83q_xfa08vuinG	流程步驟資訊圖表-2_Process Infographics.pptx
16gGVB_HV6uv0_KAf3nCovpyG-9wEtXfs	產品生命週期資訊圖表_Product Life Cycle.pptx
1409I2W8gCHGBImj0mowro9Q4MvE1yxz1	產品生命週期簡報_Product Life Cycle.pptx
1-qDZNRpYxoEwJfbuI82Fy_PJolXdxpiQ	產品路線圖簡報_Product Roadmap Powerpoint Slides.pptx
1qBriEEMVjFOnBs9bImyKDFGd0TtNlaq7	進度資訊圖表-1_Progress Infographics.pptx
1_MAmc5BAXM1hrUGizZE6Mi9oa4vu6Cr8	進度資訊圖表-2_Progress Infographics.pptx
1jHOXuMzcrRlb_URzlVUaSAPikmn1C-_O	專案提案簡報_Project Proposal Slides.pptx
1SUxjCEfBawvf71U9dWgTHqffi4qMMUN_	專案狀態資訊圖表_Project Status.pptx
1TSXVmJ5p6qlhikYDt2B142BzBmf_Gfme	專案狀態簡報_Project Status.pptx
1C0tPg7FfJ6UeOaXAsiXMG6DUOuPcFT1k	心理學簡報_Psychology Slides.pptx
1XWF4jAxsI8hGu5NqUqxybWZpUPqhKGT0	拼圖資訊圖表_Puzzle Infographics.pptx
1YE79haIQdaYKjDcagovQDeEZsSo0Iq9W	金字塔資訊圖表_Pyramid Infographics.pptx
1A9m3lDVnhCd6FVTqX1lbwBuO11SQ9eXg	文氏圖資訊圖表_Venn Diagram Infographics.pptx
15ZqLtCv4z7TUIP1cHjheXVzkqqakJkOv	字型說明_Read me - Fonts links.rtf
1b7vy-Ao9d1zzcKIovEWXUSz3IpQityWK	文氏圖簡報_Venn Powerpoint Template.pptx
1KbdocO90zHC8B5ccGa3xYMboKDm5IP49	字型說明_Read Me - Fonts Links.pdf
1nLKAxlWXyLlMo7wqO1gLg8RGNbvx8OWs	獸醫簡報_Veterinary Slides.pptx
1rzQrNbnulovRSMcAcVM_FTPHOouNHBtW	字型說明_Read Me - Fonts Links.pdf
1T-Y6gGdQGYqWCzI8X8H0__Brhy1asBVc	願景簡報-1_Vision Slides.pptx
1B__1dlppzEoFBd7pWZhXne_YhbfgkxV7	字型說明_Read Me - Fonts Links.pdf
16mjhYe30tkGNA-BkzdT07TnVbnRc2i4p	願景簡報-2_Vision Slides.pptx
1hZZI734pAySUN6bJkpwV-v1zwe6jlHSe	字型說明_Read Me - Fonts Links.pdf
1klG2NCcBdCpF92xJPD1PtDUygK51lxuf	水彩風資訊圖表_Watercolor Infographics.pptx
1mCd3xNQ5B3tPXgEsJI_agP9Z1bVRNlyS	字型說明_Read me - Fonts links.rtf
1KgxQsvcLOwKo1rwDnaB-earSfNP9Rqk3	瀑布圖簡報_Waterfall Chart Slides PowerPoint Template.pptx
1LGNN0WxE5oP8mwiCwiPRu1MXTl7Wl4PQ	字型說明_Read Me - Font Link.pdf
1pPFhgorCrCWpcoAWj0jEFHwuopu-Yj-Z	居家辦公簡報-1_Work From Home Slides.pptx
15FPJ5Y2jAovYgABHyJNlGGADG2b_S-5J	字型說明_Read Me - Font Link.pdf
1rVwYXZg64vW3m53ygU5R5RfbCpePXH8t	居家辦公簡報-2_Work From Home Slides.pptx
12CS33Su5bE3we-9ZRC7PxD5iKxGRzl2Z	字型說明_Read Me - Fonts Links.pdf
1vLGXsl0AMCWDHI6KexFhc9FWs-Rrfo4O	世界地圖資訊圖表_World Map Infographics.pptx
1F6Ee06J2gaAGgtjB9DZi9wg1jJefXZxK	字型說明_Read me - Fonts links.rtf
1rjFBXxr9Dor1xPvyFg0KizDysb6XmZ7U	世界地圖簡報_Worldmap Slides Powerpoint Template.pptx
1jYiE2hzLa7EPI-flNXgY1zC74xuheHSY	數字與A開頭版型合集_Aviation Slides
1i1xHGNRdp59V7ZRBPCxvccNmziLBiP99	B-C開頭版型合集_Cycle Slides
1RyCkHwPVf_fA54mjRFPxXJ1WCg4tntX8	F-G開頭版型合集_Growth Powerpoint Infographics
1nX1vKqtCvIGV5DMMgk72XmP8-GGXPqQc	H-I開頭版型合集_IT Architecture Powerpoint Infographics
1oMdHG7_5LokCN3F1eOeft8UxTdXIX0Iu	K-N開頭版型合集_Numbers Slides
1JQqK6-6DJVUoJ3iJv0TE0ZRJgGBQy1Zy	N-P開頭版型合集_Pyramid Slides
13SZNFSgVsrSWNh2O_p2PvMqwySytQDm5	T-W開頭版型合集_World Map Slides
1k5Bj-zT7UB0NzumrBX1F0FKBTdCZZQiW	30-60-90天計畫資訊圖表_30 60 90 Day Plan Powerpoint Infographics
1LjMIQQO39qkiINjVrrk8f29REMxSOzy2	3D立體資訊圖表_3D Powerpoint Infographics
1nyPMaAxUsPYrS01tjb0P3YiKRaz54r59	顧客旅程地圖簡報_Customer Journey Map Slides
1z8B3Dtrbvp8EpQiavkovGkXcFnqGfdni	顧客旅程資訊圖表_Customer Journey Powerpoint Infographics
1TDaFPYfs-f6Qovemo0O5Rk17ydCdFHjq	顧客輪廓資訊圖表_Customer Profile Powerpoint Infographics
1dEvIPX994yi4l7TmDnpCd4RZKhNCQ_ac	資訊安全資訊圖表_Cyber Security Powerpoint Infographics
1XcK8B73MiFMEEpJrmSt6cvYIH-1-9FkP	資訊安全簡報_Cyber Security Slides
1AtO8-rIXRnT6pDM4wBEgcQlT7cPOTt1V	循環資訊圖表_Cycle Powerpoint Infographics
1xspNLA0m8UkIWL7yKU8JGC__hri-RS2G	循環簡報_Cycle Slides
1X9Q5kDYVJ4rAa-P0KlsqsQwst1K5p4u_	大腦簡報V1_Brain Slides V1 Template
1L3X0GK0J21DD1wBewyfOkYjbPUglKemc	大腦簡報V2_Brain Slides V2 Template
1TUUYff4_sE8AP50PL4wywdyPipe4j1tA	月曆2020簡報檔_Presentation Files
1-WZ-lhzhrG8DfM1huJf5aJSDzi-WsFBI	月曆2021簡報檔_Presentation Files
1-Uf8Hu-k_3ljgoLP59RTc7hdRqFqEtYo	圖表簡報檔_Presentation Files
17dk_wOvP_-1tSw0LPFRjPncWnF2mIfqo	信用卡簡報檔_File
1HeFgSz4-PBo6wComWvLSa0NVcsj0dbHL	顧客旅程地圖簡報檔_Presentation File
1yKzk6InTmkqN31xrRH4sNj_usLCvX-a6	循環簡報檔_Presentation Files
1P1KDd31k8blC8RpSuS7iLx0R0LQKhtfq	回饋資訊圖表_Feedback Powerpoint Infographics
1aBvmG1TH0KEP-Kpu2jQ-cm8dqELeeTM1	財務資訊圖表_Finance Powerpoint Infographics
1js2Ww-VNxeqgVmtd-dVG3raojtSJ1sng	財務簡報_Finance Slides
1nNXQvLE2jUnNf3NFxW_ue2jUBrGz8QW0	魚骨圖資訊圖表_Fishbone Powerpoint Infographics
17iDaX8eJlKVESprFVAm7UynmYN9fkqP_	魚骨圖簡報_Fishbone Slides
1d0yNgk71-MVddzv61ofy1IKtqQTNQD8I	健身簡報_Fitness Slides
1gE8Z45_wNc2-4E_pl0q9_0NNkJyxdMWR	流程圖資訊圖表_Flow Chart Powerpoint Infographics
1OnzosE6jDsEJidI6Mu0TLqJJRa-4iafH	流程簡報_Flow Slides
1D9S49Fa0_lTgnvnmT4sOfrv2r_CMR0fT	美食資訊圖表_Food Powerpoint Infographics
1mpC-OPzHdbF4jsyH8PRUqU9RIgwt3xh2	美食簡報_Food Slides
1-tw-iGNSp7O00JI3E8QiVNPHNz1WPnJR	框架資訊圖表_Framework Powerpoint Infographics
1oFVjC0LYRPgy6UrVS_5BVZU4VOUbWp-e	漏斗資訊圖表_Funnel Powerpoint Infographics
1p86qqcapKGHRe9EIGnR_rIJuOzSnagfc	漏斗簡報_Funnel Slides
1MJjJ09_xvZCbZEtVnSi926JZaH_lpHqe	甘特圖資訊圖表_Gantt Powerpoint Infographics
12kzsU3XStl7c-TtfICl-jjNNPPFhdnNM	甘特圖簡報_Gantt Slides
1Z9_R1Fumkwf80vCA4rf6a5HHqK7nyBOA	差距分析資訊圖表_Gap Analysis Powerpoint Infographics
12ThM6ofy37CkpWGypdwDI0qzGhsg9k2z	麥肯錫7S模型資訊圖表_McKinsey 7S Model Powerpoint Infographics
1wThM2ZqnZIFMmWB05UI8Icm0EgMgHrG6	麥肯錫7S模型簡報_McKinsey 7S Model Slides
1ZFQ8cXxiwS3iQKqiuXqECP06m0sTq_OJ	醫療資訊圖表_Medical Powerpoint Infographics
18e0LpBi5ZSPj3aVG5jZacxDSV71T9eg6	醫療簡報_Medical Slides
1FxCPizOrP_UETzK7ONglmM2TfnYIZqb-	醫療簡報_Medical-Slides
1Mv6G2H5hpMLfsCUnfBQ6XsvhB_h_kQqF	會議資訊圖表_Meeting Powerpoint Infographics
1IRMjHfo0bdFiAM2LIp2aKez7zWIhAtXE	會議簡報_Meeting Slides
1Bo-R18nfk4g5CJEWbbLCAt6REdZsPTtH	馬賽克圖簡報_Mekko Chart Slides
1q5uSIblS5wLV-8wRv-UdAmu_yB3aHzzW	里程碑資訊圖表_Milestones Powerpoint Infographics
1-5KgDxw4e2WNJkJXESINtgHf8zYLSYV-	里程碑簡報_Milestones Slides
1-TynroN09O0zccOTioWPhfcLP1CZeBt3	心智圖資訊圖表_Mind Map Powerpoint Infographics
1efwlYNYn7cVOldsHofuiKQ8mK2U7ts3k	心智圖簡報_Mindmap Slides
1lKJjVnaB8QfJN2AdRtm_n089dtNDW9Kk	使命資訊圖表_Mission Powerpoint Infographics
1N8OVOlsmcQR_OVNP9Nje21PVKXmlhhEi	使命簡報_Mission Slides
1r3SEQuzxmbrfVpmak0f75pRU8oA5DJM1	裝置樣機資訊圖表_Mockup Devices Powerpoint Infographics
1pfGtm7PGXYGQ5Wp4G-4WoTPkfp59tkxO	裝置樣機簡報_Mockup Devices Slides
1pXy3g5TbvH8MOwX7I2tqezktiqU7ZFhx	金錢資訊圖表_Money Powerpoint Infographics
1jpkD60m5vZ3IMxTaPxnfOItXr8PNLjhx	金錢簡報_Money Slides
1w8-D9IQ60wV_xnfjoDWdH6N4vCfHHWlp	網絡資訊圖表-1_Network Powerpoint Infographics
1yyx8KBOp8rNOCS87nKfG4KhObA14cjgB	北美地圖資訊圖表-1_North America Map Powerpoint Infographics
1Dr295be4VVDySZsrAIACm0Pqme7Wjosl	數字資訊圖表-1_Numbers Powerpoint Infographics
1fccFsKrxWSFpnjZcnPUVf9kaSViCHwiM	數字簡報-1_Numbers Slides
1vFJq7C-tBIXvfD1bMRqOjGXyLRpfZa7-	製造業簡報檔_Presentation Files
1QXFUtl_1Nwy_2Cuixiz54In3BH63X2uP	矩陣簡報檔_Presentation Files
1ibC0iym-75ggTnofXE9Og27Cc9X7sOaw	醫療簡報檔_Presentation
1WLFemhCU-BuqTUTek8ILCehM1NfVH9Xd	醫療簡報檔_File
12rI3BdJp47fvz6jd5kHMCxX1hDzOSU4y	馬賽克圖簡報檔_Presentation
1ugHYQpd6lnj7FYrKl-WAvsTjD7DD0p6P	里程碑簡報檔_Presenteton File
1OA5jKzzUyf2OsxwlMrvyuOu9dyZcsb--	心智圖簡報檔_Presentation File
16vRZbOeRFvhy30D-o4u3D3PXnAtMJnKs	網絡資訊圖表-2_Network Powerpoint Infographics
1XGCIBlX96eBBZ15YzDmm_6aVQ7l-Xf8h	旅遊資訊圖表_Travel Powerpoint Infographics
1CUFI5pvR65VRGexDSolsz_cKURKFB9Um	旅遊簡報_Travel Slides
1Mw6zcodhgh0ipNeSZvpiJyhNaQVW5Vi9	樹狀圖資訊圖表_Tree Diagram Powerpoint Infographics
1WxuACfEdsjzcgncw3vw11CvUUTohLPwC	美國地圖資訊圖表_United States Map Powerpoint Infographics
1s5Gd_gx7x35iYw1zgMMCW_HDd7KJOnfD	價值鏈資訊圖表_Value Chain Powerpoint Infographics
1vrEmhtj1JKCczySvrokRq4WIWqSnndM7	價值鏈簡報_Value Chain Slides
1Kzsjg6TNoIR8kKYJCjEVnX4ge0NFoZm0	文氏圖資訊圖表_Venn Diagram Powerpoint Infographics
1o7pXgEty_lx1dzbKlNCIPcvHbiGbbYNp	文氏圖簡報_Venn Slides
1nJnDEvCTfOCP2QtkNf0icj_98ZxNRNd0	獸醫資訊圖表_Veterinary Powerpoint Infographics
1DkUtUg7h-OnbosfAER3l38idZPjCGzUC	願景資訊圖表_Vision Powerpoint Infographics
1hAbZi0apmanGqZ6DYANu7eWgGlr5W6pU	願景簡報_Vision Slides
17s4uU_qUbr5R6I5uXuYIFfI4JzOXBBdK	水彩風資訊圖表_Watercolor Powerpoint Infographics
1qApE5Zy1zioCv2yI6CiW7571MfuH_KjB	瀑布圖簡報_Waterfall Chart Slides
1CriY33dfCOcPc8zPSH2Fv8IVFD552x8s	居家辦公資訊圖表_Work From Home Powerpoint Infographics
1WBHzE6lZklpsjrolCkrte9yr3z2ztqcr	居家辦公簡報_Work From Home Slides
1dToIHKrf650uNJ5YeksyWBTc9Gp0OvGn	世界地圖資訊圖表_World Map Powerpoint Infographics
13iA-OXrwuqKrAxeOoZW6Vfifqsph0yfc	世界地圖簡報_World Map Slides
13XXJ5xo01kfH7KNhjQSkCotE3IxyQMaH	科技簡報檔_Presentation
10cul3kUG1OMwlDf5OtTqmhkn3dM76giJ	時間軸簡報檔_Presentation Files
1FMRZ1clBr68rNQD3qoyhF5FGKXRTt1_O	教育訓練簡報檔_Presentation File
1WTgNrCSHo6DwzAh9Q3Iw_bKIz9K8_1qX	旅遊簡報版本1_Template 1
1GYGMkV6txPxsG5_rnY32D7sP5N_91dIF	旅遊簡報版本2_Template 2
1XKMFq9l6iPgfngDv_QFzCjNCPdeYsXeC	旅遊簡報版本3_Template 3
12nMuSf2aA3LMMZg8aC0ceH_sETCoXq7o	旅遊版本1簡報檔_Presentation File
1cBv0zkPIptOuwf6Xeeh7DbBWW37agnQU	旅遊版本2簡報檔_Presentation File
1cIb44UmJlYIDumoiy1iamVTW1Q2izZtg	價值鏈簡報檔_Presentation
1V6WjLnfg_QYntU3Ka4lLoy51TOXdXIot	文氏圖簡報檔_Presentation Files
19sEyfjvGP7YWAgynUpQUxtjwMdEBjOYg	瀑布圖簡報檔_Presentation Files
1ulZkBdwGfNmi_0esIG34TttPXNBLUgLn	居家辦公簡報檔_File
1xd0sq20ZpnnKVKU3b_CE0kuuQGczunZZ	世界地圖簡報檔_Presentation File
